ano;municipio;vacina;sigla_uf;lat;lon;cobertura_vacinal
2021;AFONSO CLAUDIO;BCG;ES;-20,0778;-41,1431;11,865714285714287
2021;AGUIA BRANCA;BCG;ES;-18,9819;-40,7381;33,33
2021;AGUA DOCE DO NORTE;BCG;ES;-18,5475;-40,9856;56,574999999999996
2021;ALEGRE;BCG;ES;-20,7633;-41,5333;28,323333333333334
2021;ALFREDO CHAVES;BCG;ES;-20,6341;-40,7502;63,22666666666667
2021;ALTO RIO NOVO;BCG;ES;-19,0569;-41,0183;91,25
2021;ANCHIETA;BCG;ES;-20,8058;-40,6441;23,174285714285713
2021;APIACA;BCG;ES;-21,1511;-41,5683;100,0
2021;ARACRUZ;BCG;ES;-19,8202;-40,2733;8,255454545454546
2021;ATILIO VIVACQUA;BCG;ES;-20,9144;-41,1963;72,70833333333333
2021;BAIXO GUANDU;BCG;ES;-19,5186;-41,0152;28,499999999999996
2021;BARRA DE SAO FRANCISCO;BCG;ES;-18,7547;-40,8908;16,711111111111112
2021;BOA ESPERANCA;BCG;ES;-18,5402;-40,2963;44,25625
2021;BOM JESUS DO NORTE;BCG;ES;-21,1147;-41,7313;100,0
2021;BREJETUBA;BCG;ES;-20,145;-41,28;51,45333333333334
2021;CACHOEIRO DE ITAPEMIRIM;BCG;ES;-20,8489;-41,1128;3,8208333333333337
2021;CARIACICA;BCG;ES;-20,2638;-40,42;1,9326666666666665
2021;CASTELO;BCG;ES;-20,6041;-41,1969;22,9875
2021;COLATINA;BCG;ES;-19,5314;-40,6316;2,3942857142857146
2021;CONCEICAO DA BARRA;BCG;ES;-18,5933;-39,7322;20,62
2021;CONCEICAO DO CASTELO;BCG;ES;-20,3683;-41,2436;10,684615384615386
2021;DIVINO DE SAO LOURENCO;BCG;ES;-20,6202;-41,7333;100,0
2021;DOMINGOS MARTINS;BCG;ES;-20,3633;-40,6591;18,615
2021;DORES DO RIO PRETO;BCG;ES;-20,7283;-41,8452;100,0
2021;ECOPORANGA;BCG;ES;-18,3736;-40,8305;36,376
2021;FUNDAO;BCG;ES;-19,9327;-40,4055;25,845000000000002
2021;GOVERNADOR LINDENBERG;BCG;ES;-19,2458;-40,4588;56,39166666666667
2021;GUACUI;BCG;ES;-20,7755;-41,6794;28,57142857142857
2021;GUARAPARI;BCG;ES;-20,6667;-40,495;6,337692307692308
2021;IBATIBA;BCG;ES;-20,2344;-41,5113;32,29642857142858
2021;IBIRACU;BCG;ES;-19,8275;-40,3711;46,56153846153846
2021;IBITIRAMA;BCG;ES;-20,5405;-41,6672;30,822222222222223
2021;ICONHA;BCG;ES;-20,7933;-40,8105;65,07857142857144
2021;IRUPI;BCG;ES;-20,3447;-41,6427;22,935714285714283
2021;ITAGUACU;BCG;ES;-19,8025;-40,855;67,35000000000001
2021;ITAPEMIRIM;BCG;ES;-21,0111;-40,8322;11,5725
2021;ITARANA;BCG;ES;-19,8738;-40,8752;77,10909090909091
2021;IUNA;BCG;ES;-20,3458;-41,5358;11,549999999999999
2021;JAGUARE;BCG;ES;-18,9052;-40,0402;14,945714285714287
2021;JERONIMO MONTEIRO;BCG;ES;-20,7891;-41,3955;85,06666666666666
2021;JOAO NEIVA;BCG;ES;-19,7594;-40,3888;31,99411764705882
2021;LARANJA DA TERRA;BCG;ES;-19,8994;-41,0566;80,89090909090909
2021;LINHARES;BCG;ES;-19,3911;-40,0722;4,5842857142857145
2021;MANTENOPOLIS;BCG;ES;-18,8625;-41,1219;61,346666666666664
2021;MARATAIZES;BCG;ES;-21,0366;-40,8247;23,459999999999997
2021;MARECHAL FLORIANO;BCG;ES;-20,4127;-40,683;58,51666666666666
2021;MARILANDIA;BCG;ES;-19,4125;-40,5413;46,784615384615385
2021;MIMOSO DO SUL;BCG;ES;-21,0647;-41,3663;40,428
2021;MONTANHA;BCG;ES;-18,1263;-40,3638;40,52
2021;MUCURICI;BCG;ES;-18,0933;-40,5152;92,60000000000001
2021;MUNIZ FREIRE;BCG;ES;-20,4641;-41,4133;25,04444444444444
2021;MUQUI;BCG;ES;-20,9511;-41,3469;72,18666666666667
2021;NOVA VENECIA;BCG;ES;-18,7119;-40,4005;13,36
2021;PANCAS;BCG;ES;-19,225;-40,8513;38,00454545454545
2021;PEDRO CANARIO;BCG;ES;-18,3005;-39,9566;32,707142857142856
2021;PINHEIROS;BCG;ES;-18,3986;-40,2138;26,006666666666668
2021;PIUMA;BCG;ES;-20,8333;-40,7277;25,96
2021;PONTO BELO;BCG;ES;-18,1252;-40,5369;100,0
2021;PRESIDENTE KENNEDY;BCG;ES;-21,0988;-41,0458;61,239999999999995
2021;RIO BANANAL;BCG;ES;-19,2652;-40,3333;53,06000000000001
2021;RIO NOVO DO SUL;BCG;ES;-20,8608;-40,9366;44,583333333333336
2021;SANTA LEOPOLDINA;BCG;ES;-20,1008;-40,5288;66,71538461538462
2021;SANTA MARIA DE JETIBA;BCG;ES;-20,0244;-40,7397;21,446666666666665
2021;SANTA TERESA;BCG;ES;-19,9361;-40,6002;37,448
2021;SAO DOMINGOS DO NORTE;BCG;ES;-19,1275;-40,5305;95,23333333333332
2021;SAO GABRIEL DA PALHA;BCG;ES;-19,0183;-40,5363;9,685
2021;SAO JOSE DO CALCADO;BCG;ES;-21,0261;-41,6544;82,03333333333333
2021;SAO MATEUS;BCG;ES;-18,7161;-39,8589;6,642857142857143
2021;SAO ROQUE DO CANAA;BCG;ES;-19,7388;-40,6569;75,51538461538462
2021;SERRA;BCG;ES;-20,1286;-40,3078;1,4588709677419356
2021;SOORETAMA;BCG;ES;-19,1969;-40,0469;30,856666666666666
2021;VARGEM ALTA;BCG;ES;-20,6705;-41,0069;44,425
2021;VENDA NOVA DO IMIGRANTE;BCG;ES;-20,3391;-41,1355;58,224
2021;VIANA;BCG;ES;-20,3986;-40,4666;10,63625
2021;VILA PAVAO;BCG;ES;-18,6144;-40,6105;75,0
2021;VILA VALERIO;BCG;ES;-18,995;-40,3386;21,253333333333334
2021;VILA VELHA;BCG;ES;-20,3297;-40,2925;1,7454901960784313
2021;VITORIA;BCG;ES;-20,3155;-40,3128;2,4160526315789475
2021;;BCG;ES;;;84,43
2022;AFONSO CLAUDIO;BCG;ES;-20,0778;-41,1431;20,634285714285713
2022;AGUIA BRANCA;BCG;ES;-18,9819;-40,7381;79,07
2022;AGUA DOCE DO NORTE;BCG;ES;-18,5475;-40,9856;35,975
2022;ALEGRE;BCG;ES;-20,7633;-41,5333;8,266666666666666
2022;ALFREDO CHAVES;BCG;ES;-20,6341;-40,7502;43,91333333333334
2022;ALTO RIO NOVO;BCG;ES;-19,0569;-41,0183;52,77499999999999
2022;ANCHIETA;BCG;ES;-20,8058;-40,6441;18,79714285714286
2022;APIACA;BCG;ES;-21,1511;-41,5683;100,0
2022;ARACRUZ;BCG;ES;-19,8202;-40,2733;8,146363636363636
2022;ATILIO VIVACQUA;BCG;ES;-20,9144;-41,1963;55,925000000000004
2022;BAIXO GUANDU;BCG;ES;-19,5186;-41,0152;18,462857142857146
2022;BARRA DE SAO FRANCISCO;BCG;ES;-18,7547;-40,8908;12,488888888888889
2022;BOA ESPERANCA;BCG;ES;-18,5402;-40,2963;35,50625
2022;BOM JESUS DO NORTE;BCG;ES;-21,1147;-41,7313;100,0
2022;BREJETUBA;BCG;ES;-20,145;-41,28;44,23333333333333
2022;CACHOEIRO DE ITAPEMIRIM;BCG;ES;-20,8489;-41,1128;4,328333333333333
2022;CARIACICA;BCG;ES;-20,2638;-40,42;1,1317777777777778
2022;CASTELO;BCG;ES;-20,6041;-41,1969;26,9575
2022;COLATINA;BCG;ES;-19,5314;-40,6316;1,062142857142857
2022;CONCEICAO DA BARRA;BCG;ES;-18,5933;-39,7322;6,782857142857142
2022;CONCEICAO DO CASTELO;BCG;ES;-20,3683;-41,2436;1,7461538461538462
2022;DIVINO DE SAO LOURENCO;BCG;ES;-20,6202;-41,7333;100,0
2022;DOMINGOS MARTINS;BCG;ES;-20,3633;-40,6591;10,35
2022;DORES DO RIO PRETO;BCG;ES;-20,7283;-41,8452;100,0
2022;ECOPORANGA;BCG;ES;-18,3736;-40,8305;20,264
2022;FUNDAO;BCG;ES;-19,9327;-40,4055;25,095
2022;GOVERNADOR LINDENBERG;BCG;ES;-19,2458;-40,4588;49,13333333333333
2022;GUACUI;BCG;ES;-20,7755;-41,6794;23,83142857142857
2022;GUARAPARI;BCG;ES;-20,6667;-40,495;5,025384615384616
2022;IBATIBA;BCG;ES;-20,2344;-41,5113;33,79642857142857
2022;IBIRACU;BCG;ES;-19,8275;-40,3711;28,66923076923077
2022;IBITIRAMA;BCG;ES;-20,5405;-41,6672;67,9
2022;ICONHA;BCG;ES;-20,7933;-40,8105;45,84285714285715
2022;IRUPI;BCG;ES;-20,3447;-41,6427;64,97142857142858
2022;ITAGUACU;BCG;ES;-19,8025;-40,855;40,41428571428571
2022;ITAPEMIRIM;BCG;ES;-21,0111;-40,8322;17,965
2022;ITARANA;BCG;ES;-19,8738;-40,8752;80,45454545454545
2022;IUNA;BCG;ES;-20,3458;-41,5358;23,060000000000002
2022;JAGUARE;BCG;ES;-18,9052;-40,0402;17,13142857142857
2022;JERONIMO MONTEIRO;BCG;ES;-20,7891;-41,3955;80,6
2022;JOAO NEIVA;BCG;ES;-19,7594;-40,3888;29,411764705882355
2022;LARANJA DA TERRA;BCG;ES;-19,8994;-41,0566;74,3
2022;LINHARES;BCG;ES;-19,3911;-40,0722;0,8776190476190475
2022;MANTENOPOLIS;BCG;ES;-18,8625;-41,1219;19,153333333333332
2022;MARATAIZES;BCG;ES;-21,0366;-40,8247;15,268888888888888
2022;MARECHAL FLORIANO;BCG;ES;-20,4127;-40,683;35,477777777777774
2022;MARILANDIA;BCG;ES;-19,4125;-40,5413;43,238461538461536
2022;MIMOSO DO SUL;BCG;ES;-21,0647;-41,3663;33,056000000000004
2022;MONTANHA;BCG;ES;-18,1263;-40,3638;43,885
2022;MUCURICI;BCG;ES;-18,0933;-40,5152;54,81666666666667
2022;MUNIZ FREIRE;BCG;ES;-20,4641;-41,4133;49,766666666666666
2022;MUQUI;BCG;ES;-20,9511;-41,3469;64,78666666666668
2022;NOVA VENECIA;BCG;ES;-18,7119;-40,4005;12,776363636363635
2022;PANCAS;BCG;ES;-19,225;-40,8513;34,090909090909086
2022;PEDRO CANARIO;BCG;ES;-18,3005;-39,9566;13,114285714285714
2022;PINHEIROS;BCG;ES;-18,3986;-40,2138;8,84
2022;PIUMA;BCG;ES;-20,8333;-40,7277;22,823999999999998
2022;PONTO BELO;BCG;ES;-18,1252;-40,5369;50,3
2022;PRESIDENTE KENNEDY;BCG;ES;-21,0988;-41,0458;50,38666666666667
2022;RIO BANANAL;BCG;ES;-19,2652;-40,3333;17,625
2022;RIO NOVO DO SUL;BCG;ES;-20,8608;-40,9366;73,075
2022;SANTA LEOPOLDINA;BCG;ES;-20,1008;-40,5288;24,815384615384612
2022;SANTA MARIA DE JETIBA;BCG;ES;-20,0244;-40,7397;16,648888888888887
2022;SANTA TERESA;BCG;ES;-19,9361;-40,6002;28,42
2022;SAO DOMINGOS DO NORTE;BCG;ES;-19,1275;-40,5305;62,56666666666667
2022;SAO GABRIEL DA PALHA;BCG;ES;-19,0183;-40,5363;5,6925
2022;SAO JOSE DO CALCADO;BCG;ES;-21,0261;-41,6544;74,075
2022;SAO MATEUS;BCG;ES;-18,7161;-39,8589;1,6285714285714286
2022;SAO ROQUE DO CANAA;BCG;ES;-19,7388;-40,6569;59,11538461538461
2022;SERRA;BCG;ES;-20,1286;-40,3078;1,3975806451612904
2022;SOORETAMA;BCG;ES;-19,1969;-40,0469;6,890000000000001
2022;VARGEM ALTA;BCG;ES;-20,6705;-41,0069;45,14
2022;VENDA NOVA DO IMIGRANTE;BCG;ES;-20,3391;-41,1355;62,53200000000001
2022;VIANA;BCG;ES;-20,3986;-40,4666;5,0975
2022;VILA PAVAO;BCG;ES;-18,6144;-40,6105;67,96
2022;VILA VALERIO;BCG;ES;-18,995;-40,3386;30,246666666666666
2022;VILA VELHA;BCG;ES;-20,3297;-40,2925;1,5447058823529414
2022;VITORIA;BCG;ES;-20,3155;-40,3128;1,4505263157894737
2022;;BCG;ES;;;63,79
 Total;AFONSO CLAUDIO;BCG;ES;-20,0778;-41,1431;16,354285714285716
 Total;AGUIA BRANCA;BCG;ES;-18,9819;-40,7381;56,47
 Total;AGUA DOCE DO NORTE;BCG;ES;-18,5475;-40,9856;46,46666666666667
 Total;ALEGRE;BCG;ES;-20,7633;-41,5333;18,44
 Total;ALFREDO CHAVES;BCG;ES;-20,6341;-40,7502;54,56666666666666
 Total;ALTO RIO NOVO;BCG;ES;-19,0569;-41,0183;73,025
 Total;ANCHIETA;BCG;ES;-20,8058;-40,6441;20,92857142857143
 Total;APIACA;BCG;ES;-21,1511;-41,5683;100,0
 Total;ARACRUZ;BCG;ES;-19,8202;-40,2733;8,201818181818183
 Total;ATILIO VIVACQUA;BCG;ES;-20,9144;-41,1963;64,23333333333333
 Total;BAIXO GUANDU;BCG;ES;-19,5186;-41,0152;23,525714285714287
 Total;BARRA DE SAO FRANCISCO;BCG;ES;-18,7547;-40,8908;14,606666666666667
 Total;BOA ESPERANCA;BCG;ES;-18,5402;-40,2963;39,574999999999996
 Total;BOM JESUS DO NORTE;BCG;ES;-21,1147;-41,7313;100,0
 Total;BREJETUBA;BCG;ES;-20,145;-41,28;48,10666666666666
 Total;CACHOEIRO DE ITAPEMIRIM;BCG;ES;-20,8489;-41,1128;4,0720833333333335
 Total;CARIACICA;BCG;ES;-20,2638;-40,42;1,540888888888889
 Total;CASTELO;BCG;ES;-20,6041;-41,1969;25,0
 Total;COLATINA;BCG;ES;-19,5314;-40,6316;1,7242857142857142
 Total;CONCEICAO DA BARRA;BCG;ES;-18,5933;-39,7322;13,608571428571429
 Total;CONCEICAO DO CASTELO;BCG;ES;-20,3683;-41,2436;6,26923076923077
 Total;DIVINO DE SAO LOURENCO;BCG;ES;-20,6202;-41,7333;100,0
 Total;DOMINGOS MARTINS;BCG;ES;-20,3633;-40,6591;14,625
 Total;DORES DO RIO PRETO;BCG;ES;-20,7283;-41,8452;100,0
 Total;ECOPORANGA;BCG;ES;-18,3736;-40,8305;28,088
 Total;FUNDAO;BCG;ES;-19,9327;-40,4055;25,47
 Total;GOVERNADOR LINDENBERG;BCG;ES;-19,2458;-40,4588;52,75
 Total;GUACUI;BCG;ES;-20,7755;-41,6794;26,174285714285716
 Total;GUARAPARI;BCG;ES;-20,6667;-40,495;5,68076923076923
 Total;IBATIBA;BCG;ES;-20,2344;-41,5113;33,03928571428572
 Total;IBIRACU;BCG;ES;-19,8275;-40,3711;38,353846153846156
 Total;IBITIRAMA;BCG;ES;-20,5405;-41,6672;49,82222222222222
 Total;ICONHA;BCG;ES;-20,7933;-40,8105;55,50000000000001
 Total;IRUPI;BCG;ES;-20,3447;-41,6427;42,4
 Total;ITAGUACU;BCG;ES;-19,8025;-40,855;53,32857142857142
 Total;ITAPEMIRIM;BCG;ES;-21,0111;-40,8322;14,7925
 Total;ITARANA;BCG;ES;-19,8738;-40,8752;78,79090909090908
 Total;IUNA;BCG;ES;-20,3458;-41,5358;16,900000000000002
 Total;JAGUARE;BCG;ES;-18,9052;-40,0402;16,08
 Total;JERONIMO MONTEIRO;BCG;ES;-20,7891;-41,3955;83,01666666666667
 Total;JOAO NEIVA;BCG;ES;-19,7594;-40,3888;30,64117647058824
 Total;LARANJA DA TERRA;BCG;ES;-19,8994;-41,0566;77,80909090909091
 Total;LINHARES;BCG;ES;-19,3911;-40,0722;2,7133333333333334
 Total;MANTENOPOLIS;BCG;ES;-18,8625;-41,1219;39,14666666666667
 Total;MARATAIZES;BCG;ES;-21,0366;-40,8247;19,315555555555555
 Total;MARECHAL FLORIANO;BCG;ES;-20,4127;-40,683;47,61666666666666
 Total;MARILANDIA;BCG;ES;-19,4125;-40,5413;45,10769230769231
 Total;MIMOSO DO SUL;BCG;ES;-21,0647;-41,3663;36,692
 Total;MONTANHA;BCG;ES;-18,1263;-40,3638;42,23
 Total;MUCURICI;BCG;ES;-18,0933;-40,5152;73,2
 Total;MUNIZ FREIRE;BCG;ES;-20,4641;-41,4133;36,81666666666666
 Total;MUQUI;BCG;ES;-20,9511;-41,3469;68,81333333333333
 Total;NOVA VENECIA;BCG;ES;-18,7119;-40,4005;13,070909090909092
 Total;PANCAS;BCG;ES;-19,225;-40,8513;36,10909090909091
 Total;PEDRO CANARIO;BCG;ES;-18,3005;-39,9566;23,98214285714286
 Total;PINHEIROS;BCG;ES;-18,3986;-40,2138;17,549999999999997
 Total;PIUMA;BCG;ES;-20,8333;-40,7277;24,387999999999998
 Total;PONTO BELO;BCG;ES;-18,1252;-40,5369;100,0
 Total;PRESIDENTE KENNEDY;BCG;ES;-21,0988;-41,0458;55,86000000000001
 Total;RIO BANANAL;BCG;ES;-19,2652;-40,3333;35,84
 Total;RIO NOVO DO SUL;BCG;ES;-20,8608;-40,9366;57,49166666666666
 Total;SANTA LEOPOLDINA;BCG;ES;-20,1008;-40,5288;44,792307692307695
 Total;SANTA MARIA DE JETIBA;BCG;ES;-20,0244;-40,7397;19,135555555555555
 Total;SANTA TERESA;BCG;ES;-19,9361;-40,6002;32,891999999999996
 Total;SAO DOMINGOS DO NORTE;BCG;ES;-19,1275;-40,5305;79,58888888888889
 Total;SAO GABRIEL DA PALHA;BCG;ES;-19,0183;-40,5363;7,5600000000000005
 Total;SAO JOSE DO CALCADO;BCG;ES;-21,0261;-41,6544;78,23333333333333
 Total;SAO MATEUS;BCG;ES;-18,7161;-39,8589;4,065714285714286
 Total;SAO ROQUE DO CANAA;BCG;ES;-19,7388;-40,6569;67,35384615384615
 Total;SERRA;BCG;ES;-20,1286;-40,3078;1,4283870967741936
 Total;SOORETAMA;BCG;ES;-19,1969;-40,0469;18,793333333333333
 Total;VARGEM ALTA;BCG;ES;-20,6705;-41,0069;44,76
 Total;VENDA NOVA DO IMIGRANTE;BCG;ES;-20,3391;-41,1355;60,288
 Total;VIANA;BCG;ES;-20,3986;-40,4666;7,893749999999999
 Total;VILA PAVAO;BCG;ES;-18,6144;-40,6105;71,36
 Total;VILA VALERIO;BCG;ES;-18,995;-40,3386;25,733333333333334
 Total;VILA VELHA;BCG;ES;-20,3297;-40,2925;1,646862745098039
 Total;VITORIA;BCG;ES;-20,3155;-40,3128;1,9507894736842102
 Total;;BCG;ES;;;74,22
2021;AFONSO CLAUDIO;Poliomielite;ES;-20,0778;-41,1431;24,56571428571429
2021;AGUIA BRANCA;Poliomielite;ES;-18,9819;-40,7381;31,75
2021;AGUA DOCE DO NORTE;Poliomielite;ES;-18,5475;-40,9856;63,15833333333334
2021;ALEGRE;Poliomielite;ES;-20,7633;-41,5333;23,576666666666668
2021;ALFREDO CHAVES;Poliomielite;ES;-20,6341;-40,7502;51,17999999999999
2021;ALTO RIO NOVO;Poliomielite;ES;-19,0569;-41,0183;100,0
2021;ANCHIETA;Poliomielite;ES;-20,8058;-40,6441;27,42
2021;APIACA;Poliomielite;ES;-21,1511;-41,5683;100,0
2021;ARACRUZ;Poliomielite;ES;-19,8202;-40,2733;7,425454545454546
2021;ATILIO VIVACQUA;Poliomielite;ES;-20,9144;-41,1963;82,21666666666665
2021;BAIXO GUANDU;Poliomielite;ES;-19,5186;-41,0152;25,69142857142857
2021;BARRA DE SAO FRANCISCO;Poliomielite;ES;-18,7547;-40,8908;20,557777777777776
2021;BOA ESPERANCA;Poliomielite;ES;-18,5402;-40,2963;53,0375
2021;BOM JESUS DO NORTE;Poliomielite;ES;-21,1147;-41,7313;100,0
2021;BREJETUBA;Poliomielite;ES;-20,145;-41,28;48,13333333333333
2021;CACHOEIRO DE ITAPEMIRIM;Poliomielite;ES;-20,8489;-41,1128;3,0504166666666666
2021;CARIACICA;Poliomielite;ES;-20,2638;-40,42;1,710222222222222
2021;CASTELO;Poliomielite;ES;-20,6041;-41,1969;20,575
2021;COLATINA;Poliomielite;ES;-19,5314;-40,6316;3,787142857142858
2021;CONCEICAO DA BARRA;Poliomielite;ES;-18,5933;-39,7322;19,845714285714283
2021;CONCEICAO DO CASTELO;Poliomielite;ES;-20,3683;-41,2436;63,24615384615384
2021;DIVINO DE SAO LOURENCO;Poliomielite;ES;-20,6202;-41,7333;100,0
2021;DOMINGOS MARTINS;Poliomielite;ES;-20,3633;-40,6591;22,7225
2021;DORES DO RIO PRETO;Poliomielite;ES;-20,7283;-41,8452;100,0
2021;ECOPORANGA;Poliomielite;ES;-18,3736;-40,8305;34,424
2021;FUNDAO;Poliomielite;ES;-19,9327;-40,4055;17,23
2021;GOVERNADOR LINDENBERG;Poliomielite;ES;-19,2458;-40,4588;90,85
2021;GUACUI;Poliomielite;ES;-20,7755;-41,6794;23,30857142857143
2021;GUARAPARI;Poliomielite;ES;-20,6667;-40,495;4,459230769230769
2021;IBATIBA;Poliomielite;ES;-20,2344;-41,5113;33,825
2021;IBIRACU;Poliomielite;ES;-19,8275;-40,3711;58,707692307692305
2021;IBITIRAMA;Poliomielite;ES;-20,5405;-41,6672;26,766666666666666
2021;ICONHA;Poliomielite;ES;-20,7933;-40,8105;76,72142857142858
2021;IRUPI;Poliomielite;ES;-20,3447;-41,6427;20,64285714285714
2021;ITAGUACU;Poliomielite;ES;-19,8025;-40,855;70,40714285714286
2021;ITAPEMIRIM;Poliomielite;ES;-21,0111;-40,8322;9,235
2021;ITARANA;Poliomielite;ES;-19,8738;-40,8752;76,3
2021;IUNA;Poliomielite;ES;-20,3458;-41,5358;24,41
2021;JAGUARE;Poliomielite;ES;-18,9052;-40,0402;19,68857142857143
2021;JERONIMO MONTEIRO;Poliomielite;ES;-20,7891;-41,3955;67,70833333333334
2021;JOAO NEIVA;Poliomielite;ES;-19,7594;-40,3888;66,73529411764706
2021;LARANJA DA TERRA;Poliomielite;ES;-19,8994;-41,0566;88,6
2021;LINHARES;Poliomielite;ES;-19,3911;-40,0722;2,9276190476190473
2021;MANTENOPOLIS;Poliomielite;ES;-18,8625;-41,1219;62,16666666666667
2021;MARATAIZES;Poliomielite;ES;-21,0366;-40,8247;21,64222222222222
2021;MARECHAL FLORIANO;Poliomielite;ES;-20,4127;-40,683;54,81666666666667
2021;MARILANDIA;Poliomielite;ES;-19,4125;-40,5413;62,53076923076924
2021;MIMOSO DO SUL;Poliomielite;ES;-21,0647;-41,3663;38,856
2021;MONTANHA;Poliomielite;ES;-18,1263;-40,3638;47,955
2021;MUCURICI;Poliomielite;ES;-18,0933;-40,5152;100,0
2021;MUNIZ FREIRE;Poliomielite;ES;-20,4641;-41,4133;45,87777777777778
2021;MUQUI;Poliomielite;ES;-20,9511;-41,3469;65,47999999999999
2021;NOVA VENECIA;Poliomielite;ES;-18,7119;-40,4005;16,09818181818182
2021;PANCAS;Poliomielite;ES;-19,225;-40,8513;40,872727272727275
2021;PEDRO CANARIO;Poliomielite;ES;-18,3005;-39,9566;25,939285714285713
2021;PINHEIROS;Poliomielite;ES;-18,3986;-40,2138;30,563333333333333
2021;PIUMA;Poliomielite;ES;-20,8333;-40,7277;27,492
2021;PONTO BELO;Poliomielite;ES;-18,1252;-40,5369;100,0
2021;PRESIDENTE KENNEDY;Poliomielite;ES;-21,0988;-41,0458;68,17333333333335
2021;RIO BANANAL;Poliomielite;ES;-19,2652;-40,3333;44,05
2021;RIO NOVO DO SUL;Poliomielite;ES;-20,8608;-40,9366;46,175
2021;SANTA LEOPOLDINA;Poliomielite;ES;-20,1008;-40,5288;82,36923076923077
2021;SANTA MARIA DE JETIBA;Poliomielite;ES;-20,0244;-40,7397;16,948888888888888
2021;SANTA TERESA;Poliomielite;ES;-19,9361;-40,6002;35,168
2021;SAO DOMINGOS DO NORTE;Poliomielite;ES;-19,1275;-40,5305;98,21111111111111
2021;SAO GABRIEL DA PALHA;Poliomielite;ES;-19,0183;-40,5363;17,9775
2021;SAO JOSE DO CALCADO;Poliomielite;ES;-21,0261;-41,6544;78,125
2021;SAO MATEUS;Poliomielite;ES;-18,7161;-39,8589;5,247857142857143
2021;SAO ROQUE DO CANAA;Poliomielite;ES;-19,7388;-40,6569;81,86153846153846
2021;SERRA;Poliomielite;ES;-20,1286;-40,3078;1,3906451612903226
2021;SOORETAMA;Poliomielite;ES;-19,1969;-40,0469;26,199999999999996
2021;VARGEM ALTA;Poliomielite;ES;-20,6705;-41,0069;42,625
2021;VENDA NOVA DO IMIGRANTE;Poliomielite;ES;-20,3391;-41,1355;37,112
2021;VIANA;Poliomielite;ES;-20,3986;-40,4666;7,443749999999999
2021;VILA PAVAO;Poliomielite;ES;-18,6144;-40,6105;91,67
2021;VILA VALERIO;Poliomielite;ES;-18,995;-40,3386;66,96
2021;VILA VELHA;Poliomielite;ES;-20,3297;-40,2925;1,4758823529411764
2021;VITORIA;Poliomielite;ES;-20,3155;-40,3128;2,0539473684210523
2021;;Poliomielite;ES;;;77,41
2022;AFONSO CLAUDIO;Poliomielite;ES;-20,0778;-41,1431;22,582857142857144
2022;AGUIA BRANCA;Poliomielite;ES;-18,9819;-40,7381;100,0
2022;AGUA DOCE DO NORTE;Poliomielite;ES;-18,5475;-40,9856;56,008333333333326
2022;ALEGRE;Poliomielite;ES;-20,7633;-41,5333;11,29
2022;ALFREDO CHAVES;Poliomielite;ES;-20,6341;-40,7502;89,42
2022;ALTO RIO NOVO;Poliomielite;ES;-19,0569;-41,0183;100,0
2022;ANCHIETA;Poliomielite;ES;-20,8058;-40,6441;21,94
2022;APIACA;Poliomielite;ES;-21,1511;-41,5683;100,0
2022;ARACRUZ;Poliomielite;ES;-19,8202;-40,2733;8,008181818181818
2022;ATILIO VIVACQUA;Poliomielite;ES;-20,9144;-41,1963;70,175
2022;BAIXO GUANDU;Poliomielite;ES;-19,5186;-41,0152;30,25714285714286
2022;BARRA DE SAO FRANCISCO;Poliomielite;ES;-18,7547;-40,8908;15,873333333333333
2022;BOA ESPERANCA;Poliomielite;ES;-18,5402;-40,2963;52,525
2022;BOM JESUS DO NORTE;Poliomielite;ES;-21,1147;-41,7313;100,0
2022;BREJETUBA;Poliomielite;ES;-20,145;-41,28;58,01333333333333
2022;CACHOEIRO DE ITAPEMIRIM;Poliomielite;ES;-20,8489;-41,1128;3,2275
2022;CARIACICA;Poliomielite;ES;-20,2638;-40,42;1,763333333333333
2022;CASTELO;Poliomielite;ES;-20,6041;-41,1969;20,9725
2022;COLATINA;Poliomielite;ES;-19,5314;-40,6316;3,1992857142857143
2022;CONCEICAO DA BARRA;Poliomielite;ES;-18,5933;-39,7322;33,43714285714286
2022;CONCEICAO DO CASTELO;Poliomielite;ES;-20,3683;-41,2436;55,06923076923077
2022;DIVINO DE SAO LOURENCO;Poliomielite;ES;-20,6202;-41,7333;100,0
2022;DOMINGOS MARTINS;Poliomielite;ES;-20,3633;-40,6591;19,2675
2022;DORES DO RIO PRETO;Poliomielite;ES;-20,7283;-41,8452;100,0
2022;ECOPORANGA;Poliomielite;ES;-18,3736;-40,8305;24,212
2022;FUNDAO;Poliomielite;ES;-19,9327;-40,4055;39,735
2022;GOVERNADOR LINDENBERG;Poliomielite;ES;-19,2458;-40,4588;82,09166666666667
2022;GUACUI;Poliomielite;ES;-20,7755;-41,6794;24,5
2022;GUARAPARI;Poliomielite;ES;-20,6667;-40,495;5,621538461538461
2022;IBATIBA;Poliomielite;ES;-20,2344;-41,5113;32,88214285714285
2022;IBIRACU;Poliomielite;ES;-19,8275;-40,3711;53,030769230769224
2022;IBITIRAMA;Poliomielite;ES;-20,5405;-41,6672;68,67777777777778
2022;ICONHA;Poliomielite;ES;-20,7933;-40,8105;56,49999999999999
2022;IRUPI;Poliomielite;ES;-20,3447;-41,6427;59,650000000000006
2022;ITAGUACU;Poliomielite;ES;-19,8025;-40,855;34,30714285714286
2022;ITAPEMIRIM;Poliomielite;ES;-21,0111;-40,8322;16,535
2022;ITARANA;Poliomielite;ES;-19,8738;-40,8752;96,53636363636363
2022;IUNA;Poliomielite;ES;-20,3458;-41,5358;32,42666666666666
2022;JAGUARE;Poliomielite;ES;-18,9052;-40,0402;22,71142857142857
2022;JERONIMO MONTEIRO;Poliomielite;ES;-20,7891;-41,3955;100,0
2022;JOAO NEIVA;Poliomielite;ES;-19,7594;-40,3888;44,11764705882353
2022;LARANJA DA TERRA;Poliomielite;ES;-19,8994;-41,0566;83,91818181818182
2022;LINHARES;Poliomielite;ES;-19,3911;-40,0722;3,9528571428571433
2022;MANTENOPOLIS;Poliomielite;ES;-18,8625;-41,1219;33,88666666666666
2022;MARATAIZES;Poliomielite;ES;-21,0366;-40,8247;16,93111111111111
2022;MARECHAL FLORIANO;Poliomielite;ES;-20,4127;-40,683;61,055555555555564
2022;MARILANDIA;Poliomielite;ES;-19,4125;-40,5413;74,91538461538461
2022;MIMOSO DO SUL;Poliomielite;ES;-21,0647;-41,3663;28,752
2022;MONTANHA;Poliomielite;ES;-18,1263;-40,3638;68,705
2022;MUCURICI;Poliomielite;ES;-18,0933;-40,5152;100,0
2022;MUNIZ FREIRE;Poliomielite;ES;-20,4641;-41,4133;52,31666666666667
2022;MUQUI;Poliomielite;ES;-20,9511;-41,3469;100,0
2022;NOVA VENECIA;Poliomielite;ES;-18,7119;-40,4005;13,694545454545453
2022;PANCAS;Poliomielite;ES;-19,225;-40,8513;43,62727272727273
2022;PEDRO CANARIO;Poliomielite;ES;-18,3005;-39,9566;43,09285714285714
2022;PINHEIROS;Poliomielite;ES;-18,3986;-40,2138;25,32333333333333
2022;PIUMA;Poliomielite;ES;-20,8333;-40,7277;26,588
2022;PONTO BELO;Poliomielite;ES;-18,1252;-40,5369;100,0
2022;PRESIDENTE KENNEDY;Poliomielite;ES;-21,0988;-41,0458;58,06666666666666
2022;RIO BANANAL;Poliomielite;ES;-19,2652;-40,3333;51,080000000000005
2022;RIO NOVO DO SUL;Poliomielite;ES;-20,8608;-40,9366;74,35833333333333
2022;SANTA LEOPOLDINA;Poliomielite;ES;-20,1008;-40,5288;52,730769230769226
2022;SANTA MARIA DE JETIBA;Poliomielite;ES;-20,0244;-40,7397;19,817777777777778
2022;SANTA TERESA;Poliomielite;ES;-19,9361;-40,6002;32,104000000000006
2022;SAO DOMINGOS DO NORTE;Poliomielite;ES;-19,1275;-40,5305;100,0
2022;SAO GABRIEL DA PALHA;Poliomielite;ES;-19,0183;-40,5363;16,9675
2022;SAO JOSE DO CALCADO;Poliomielite;ES;-21,0261;-41,6544;73,35833333333333
2022;SAO MATEUS;Poliomielite;ES;-18,7161;-39,8589;5,082142857142857
2022;SAO ROQUE DO CANAA;Poliomielite;ES;-19,7388;-40,6569;85,46923076923076
2022;SERRA;Poliomielite;ES;-20,1286;-40,3078;1,2661290322580645
2022;SOORETAMA;Poliomielite;ES;-19,1969;-40,0469;27,48
2022;VARGEM ALTA;Poliomielite;ES;-20,6705;-41,0069;47,975
2022;VENDA NOVA DO IMIGRANTE;Poliomielite;ES;-20,3391;-41,1355;41,443999999999996
2022;VIANA;Poliomielite;ES;-20,3986;-40,4666;9,45875
2022;VILA PAVAO;Poliomielite;ES;-18,6144;-40,6105;100,0
2022;VILA VALERIO;Poliomielite;ES;-18,995;-40,3386;49,63333333333333
2022;VILA VELHA;Poliomielite;ES;-20,3297;-40,2925;1,4347058823529413
2022;VITORIA;Poliomielite;ES;-20,3155;-40,3128;2,040526315789474
2022;;Poliomielite;ES;;;79,0
 Total;AFONSO CLAUDIO;Poliomielite;ES;-20,0778;-41,1431;23,551428571428573
 Total;AGUIA BRANCA;Poliomielite;ES;-18,9819;-40,7381;68,24
 Total;AGUA DOCE DO NORTE;Poliomielite;ES;-18,5475;-40,9856;59,650000000000006
 Total;ALEGRE;Poliomielite;ES;-20,7633;-41,5333;17,52
 Total;ALFREDO CHAVES;Poliomielite;ES;-20,6341;-40,7502;68,32666666666665
 Total;ALTO RIO NOVO;Poliomielite;ES;-19,0569;-41,0183;100,0
 Total;ANCHIETA;Poliomielite;ES;-20,8058;-40,6441;24,608571428571427
 Total;APIACA;Poliomielite;ES;-21,1511;-41,5683;100,0
 Total;ARACRUZ;Poliomielite;ES;-19,8202;-40,2733;7,710909090909091
 Total;ATILIO VIVACQUA;Poliomielite;ES;-20,9144;-41,1963;76,13333333333333
 Total;BAIXO GUANDU;Poliomielite;ES;-19,5186;-41,0152;27,954285714285714
 Total;BARRA DE SAO FRANCISCO;Poliomielite;ES;-18,7547;-40,8908;18,22222222222222
 Total;BOA ESPERANCA;Poliomielite;ES;-18,5402;-40,2963;52,7625
 Total;BOM JESUS DO NORTE;Poliomielite;ES;-21,1147;-41,7313;100,0
 Total;BREJETUBA;Poliomielite;ES;-20,145;-41,28;52,70666666666667
 Total;CACHOEIRO DE ITAPEMIRIM;Poliomielite;ES;-20,8489;-41,1128;3,1379166666666665
 Total;CARIACICA;Poliomielite;ES;-20,2638;-40,42;1,736222222222222
 Total;CASTELO;Poliomielite;ES;-20,6041;-41,1969;20,7775
 Total;COLATINA;Poliomielite;ES;-19,5314;-40,6316;3,4914285714285715
 Total;CONCEICAO DA BARRA;Poliomielite;ES;-18,5933;-39,7322;26,731428571428573
 Total;CONCEICAO DO CASTELO;Poliomielite;ES;-20,3683;-41,2436;59,207692307692305
 Total;DIVINO DE SAO LOURENCO;Poliomielite;ES;-20,6202;-41,7333;100,0
 Total;DOMINGOS MARTINS;Poliomielite;ES;-20,3633;-40,6591;21,055
 Total;DORES DO RIO PRETO;Poliomielite;ES;-20,7283;-41,8452;100,0
 Total;ECOPORANGA;Poliomielite;ES;-18,3736;-40,8305;29,172000000000004
 Total;FUNDAO;Poliomielite;ES;-19,9327;-40,4055;28,395
 Total;GOVERNADOR LINDENBERG;Poliomielite;ES;-19,2458;-40,4588;86,45833333333334
 Total;GUACUI;Poliomielite;ES;-20,7755;-41,6794;23,91142857142857
 Total;GUARAPARI;Poliomielite;ES;-20,6667;-40,495;5,0407692307692304
 Total;IBATIBA;Poliomielite;ES;-20,2344;-41,5113;33,357142857142854
 Total;IBIRACU;Poliomielite;ES;-19,8275;-40,3711;56,10000000000001
 Total;IBITIRAMA;Poliomielite;ES;-20,5405;-41,6672;48,24444444444445
 Total;ICONHA;Poliomielite;ES;-20,7933;-40,8105;66,64999999999999
 Total;IRUPI;Poliomielite;ES;-20,3447;-41,6427;38,707142857142856
 Total;ITAGUACU;Poliomielite;ES;-19,8025;-40,855;51,614285714285714
 Total;ITAPEMIRIM;Poliomielite;ES;-21,0111;-40,8322;12,91
 Total;ITARANA;Poliomielite;ES;-19,8738;-40,8752;86,46363636363637
 Total;IUNA;Poliomielite;ES;-20,3458;-41,5358;28,136666666666667
 Total;JAGUARE;Poliomielite;ES;-18,9052;-40,0402;21,254285714285714
 Total;JERONIMO MONTEIRO;Poliomielite;ES;-20,7891;-41,3955;85,21666666666667
 Total;JOAO NEIVA;Poliomielite;ES;-19,7594;-40,3888;54,88823529411765
 Total;LARANJA DA TERRA;Poliomielite;ES;-19,8994;-41,0566;86,4090909090909
 Total;LINHARES;Poliomielite;ES;-19,3911;-40,0722;3,4447619047619047
 Total;MANTENOPOLIS;Poliomielite;ES;-18,8625;-41,1219;47,28666666666667
 Total;MARATAIZES;Poliomielite;ES;-21,0366;-40,8247;19,257777777777775
 Total;MARECHAL FLORIANO;Poliomielite;ES;-20,4127;-40,683;57,766666666666666
 Total;MARILANDIA;Poliomielite;ES;-19,4125;-40,5413;68,37692307692308
 Total;MIMOSO DO SUL;Poliomielite;ES;-21,0647;-41,3663;33,732
 Total;MONTANHA;Poliomielite;ES;-18,1263;-40,3638;58,5
 Total;MUCURICI;Poliomielite;ES;-18,0933;-40,5152;100,0
 Total;MUNIZ FREIRE;Poliomielite;ES;-20,4641;-41,4133;48,94444444444444
 Total;MUQUI;Poliomielite;ES;-20,9511;-41,3469;85,53333333333335
 Total;NOVA VENECIA;Poliomielite;ES;-18,7119;-40,4005;14,905454545454546
 Total;PANCAS;Poliomielite;ES;-19,225;-40,8513;42,209090909090904
 Total;PEDRO CANARIO;Poliomielite;ES;-18,3005;-39,9566;33,575
 Total;PINHEIROS;Poliomielite;ES;-18,3986;-40,2138;27,98333333333333
 Total;PIUMA;Poliomielite;ES;-20,8333;-40,7277;27,04
 Total;PONTO BELO;Poliomielite;ES;-18,1252;-40,5369;100,0
 Total;PRESIDENTE KENNEDY;Poliomielite;ES;-21,0988;-41,0458;63,16666666666667
 Total;RIO BANANAL;Poliomielite;ES;-19,2652;-40,3333;47,465
 Total;RIO NOVO DO SUL;Poliomielite;ES;-20,8608;-40,9366;58,94166666666667
 Total;SANTA LEOPOLDINA;Poliomielite;ES;-20,1008;-40,5288;66,86153846153846
 Total;SANTA MARIA DE JETIBA;Poliomielite;ES;-20,0244;-40,7397;18,33111111111111
 Total;SANTA TERESA;Poliomielite;ES;-19,9361;-40,6002;33,62
 Total;SAO DOMINGOS DO NORTE;Poliomielite;ES;-19,1275;-40,5305;100,0
 Total;SAO GABRIEL DA PALHA;Poliomielite;ES;-19,0183;-40,5363;17,44
 Total;SAO JOSE DO CALCADO;Poliomielite;ES;-21,0261;-41,6544;75,85
 Total;SAO MATEUS;Poliomielite;ES;-18,7161;-39,8589;5,162857142857143
 Total;SAO ROQUE DO CANAA;Poliomielite;ES;-19,7388;-40,6569;83,66153846153847
 Total;SERRA;Poliomielite;ES;-20,1286;-40,3078;1,3288709677419355
 Total;SOORETAMA;Poliomielite;ES;-19,1969;-40,0469;26,846666666666668
 Total;VARGEM ALTA;Poliomielite;ES;-20,6705;-41,0069;45,145
 Total;VENDA NOVA DO IMIGRANTE;Poliomielite;ES;-20,3391;-41,1355;39,192
 Total;VIANA;Poliomielite;ES;-20,3986;-40,4666;8,44125
 Total;VILA PAVAO;Poliomielite;ES;-18,6144;-40,6105;96,98
 Total;VILA VALERIO;Poliomielite;ES;-18,995;-40,3386;58,333333333333336
 Total;VILA VELHA;Poliomielite;ES;-20,3297;-40,2925;1,4556862745098038
 Total;VITORIA;Poliomielite;ES;-20,3155;-40,3128;2,0473684210526315
 Total;;Poliomielite;ES;;;78,2
